Juan,Perez,Garcia,1,2026-02-01T08:00:01Z,10000001A,Calle Mayor 1,28001,Madrid,Madrid,600200001,910200001,28/2000000001,juan.perez1@testmail.com,ES2100000000000000000001
Maria,Lopez,Sanchez,2,2026-02-02T08:00:02Z,10000002B,Avenida Sol 2,08001,Barcelona,Barcelona,600200002,930200002,08/2000000002,maria.lopez2@testmail.com,ES2100000000000000000002
Carlos,Ruiz,Martin,3,2026-02-03T08:00:03Z,10000003C,Calle Luna 3,46001,Valencia,Valencia,600200003,960200003,46/2000000003,carlos.ruiz3@testmail.com,ES2100000000000000000003
Ana,Torres,Diaz,4,2026-02-04T08:00:04Z,10000004D,Calle Norte 4,41001,Sevilla,Sevilla,600200004,950200004,41/2000000004,ana.torres4@testmail.com,ES2100000000000000000004
Luis,Gomez,Herrera,5,2026-02-05T08:00:05Z,10000005E,Avenida Sur 5,50001,Zaragoza,Zaragoza,600200005,976200005,50/2000000005,luis.gomez5@testmail.com,ES2100000000000000000005
Elena,Navarro,Cruz,6,2026-02-06T08:00:06Z,10000006F,Calle Real 6,29001,Malaga,Malaga,600200006,951200006,29/2000000006,elena.navarro6@testmail.com,ES2100000000000000000006
Miguel,Castro,Vega,7,2026-02-07T08:00:07Z,10000007G,Calle Jardin 7,48001,Bilbao,Vizcaya,600200007,944200007,48/2000000007,miguel.castro7@testmail.com,ES2100000000000000000007
Laura,Ortiz,Ramos,8,2026-02-08T08:00:08Z,10000008H,Avenida Mar 8,15001,Coruna,Coruna,600200008,981200008,15/2000000008,laura.ortiz8@testmail.com,ES2100000000000000000008
Jorge,Medina,Flores,9,2026-02-09T08:00:09Z,10000009J,Calle Sierra 9,03001,Alicante,Alicante,600200009,965200009,03/2000000009,jorge.medina9@testmail.com,ES2100000000000000000009
Patricia,Reyes,Molina,10,2026-02-10T08:00:10Z,10000010K,Avenida Centro 10,30001,Murcia,Murcia,600200010,968200010,30/2000000010,patricia.reyes10@testmail.com,ES2100000000000000000010
Roberto,Jimenez,Soto,11,2026-02-11T08:00:11Z,10000011L,Calle Olmo 11,10001,Caceres,Caceres,600200011,927200011,10/2000000011,roberto.jimenez11@testmail.com,ES2100000000000000000011
Cristina,Moreno,Gil,12,2026-02-12T08:00:12Z,10000012M,Avenida Rio 12,33001,Oviedo,Asturias,600200012,985200012,33/2000000012,cristina.moreno12@testmail.com,ES2100000000000000000012
Raul,Delgado,Moya,13,2026-02-13T08:00:13Z,10000013N,Calle Prado 13,39001,Santander,Cantabria,600200013,942200013,39/2000000013,raul.delgado13@testmail.com,ES2100000000000000000013
Sara,Herrera,Cano,14,2026-02-14T08:00:14Z,10000014P,Avenida Lago 14,07001,Palma,Baleares,600200014,971200014,07/2000000014,sara.herrera14@testmail.com,ES2100000000000000000014
David,Vidal,Reyes,15,2026-02-15T08:00:15Z,10000015Q,Calle Campo 15,01001,Vitoria,Alava,600200015,945200015,01/2000000015,david.vidal15@testmail.com,ES2100000000000000000015
Noelia,Molina,Rios,16,2026-02-16T08:00:16Z,10000016R,Calle Fuente 16,34001,Palencia,Palencia,600200016,979200016,34/2000000016,noelia.molina16@testmail.com,ES2100000000000000000016
Sergio,Iglesias,Pena,17,2026-02-17T08:00:17Z,10000017S,Avenida Bosque 17,24001,Leon,Leon,600200017,987200017,24/2000000017,sergio.iglesias17@testmail.com,ES2100000000000000000017
Marta,Cabrera,Ruiz,18,2026-02-18T08:00:18Z,10000018T,Calle Valle 18,20001,SanSebastian,Guipuzcoa,600200018,943200018,20/2000000018,marta.cabrera18@testmail.com,ES2100000000000000000018
Fernando,Prieto,Santos,19,2026-02-19T08:00:19Z,10000019U,Avenida Puerto 19,11001,Cadiz,Cadiz,600200019,956200019,11/2000000019,fernando.prieto19@testmail.com,ES2100000000000000000019
Lucia,Castillo,Ortega,20,2026-02-20T08:00:20Z,10000020V,Calle Arena 20,21001,Huelva,Huelva,600200020,959200020,21/2000000020,lucia.castillo20@testmail.com,ES2100000000000000000020
Alvaro,Ramos,Navarro,21,2026-02-21T08:00:21Z,10000021W,Calle Norte 21,12001,Castellon,Castellon,600200021,964200021,12/2000000021,alvaro.ramos21@testmail.com,ES2100000000000000000021
Beatriz,Dominguez,Lorenzo,22,2026-02-22T08:00:22Z,10000022X,Avenida Sur 22,13001,CiudadReal,CiudadReal,600200022,926200022,13/2000000022,beatriz.dominguez22@testmail.com,ES2100000000000000000022
Daniel,Fuentes,Marin,23,2026-02-23T08:00:23Z,10000023Y,Calle Este 23,14001,Cordoba,Cordoba,600200023,957200023,14/2000000023,daniel.fuentes23@testmail.com,ES2100000000000000000023
Irene,Blanco,Serrano,24,2026-02-24T08:00:24Z,10000024Z,Calle Oeste 24,45001,Toledo,Toledo,600200024,925200024,45/2000000024,irene.blanco24@testmail.com,ES2100000000000000000024
Pablo,Santos,Ruiz,25,2026-02-25T08:00:25Z,10000025A,Avenida Centro 25,47001,Valladolid,Valladolid,600200025,983200025,47/2000000025,pablo.santos25@testmail.com,ES2100000000000000000025