nombre,id,tstamp,dni,direccion,cp,poblacion,provincia,tlfno1,tlfno2,numero_seguridad_social,correo_electronico,cuenta_banco
Juan Perez Garcia,1,2026-01-01T08:15:23Z,12345678A,Calle Mayor 12,28001,Madrid,Madrid,600123001,910123001,28/1234567890,juan.perez1@testmail.com,ES1200000000000000000001
Maria Lopez Sanchez,2,2026-01-02T09:12:45Z,23456789B,Avenida Sol 45,08001,Barcelona,Barcelona,600123002,930123002,08/1234567891,maria.lopez2@testmail.com,ES1200000000000000000002
Carlos Ruiz Martin,3,2026-01-03T10:05:11Z,34567890C,Calle Luna 7,46001,Valencia,Valencia,600123003,960123003,46/1234567892,carlos.ruiz3@testmail.com,ES1200000000000000000003
Ana Torres Diaz,4,2026-01-04T11:44:32Z,45678901D,Calle Norte 22,41001,Sevilla,Sevilla,600123004,950123004,41/1234567893,ana.torres4@testmail.com,ES1200000000000000000004
Luis Gomez Herrera,5,2026-01-05T07:55:09Z,56789012E,Avenida Sur 18,50001,Zaragoza,Zaragoza,600123005,976123005,50/1234567894,luis.gomez5@testmail.com,ES1200000000000000000005
Elena Navarro Cruz,6,2026-01-06T08:33:27Z,67890123F,Calle Real 3,29001,Malaga,Malaga,600123006,951123006,29/1234567895,elena.navarro6@testmail.com,ES1200000000000000000006
Miguel Castro Vega,7,2026-01-07T12:17:54Z,78901234G,Calle Jardin 14,48001,Bilbao,Vizcaya,600123007,944123007,48/1234567896,miguel.castro7@testmail.com,ES1200000000000000000007
Laura Ortiz Ramos,8,2026-01-08T13:21:36Z,89012345H,Avenida Mar 9,15001,Coruna,Coruna,600123008,981123008,15/1234567897,laura.ortiz8@testmail.com,ES1200000000000000000008
Jorge Medina Flores,9,2026-01-09T14:02:18Z,90123456J,Calle Sierra 30,03001,Alicante,Alicante,600123009,965123009,03/1234567898,jorge.medina9@testmail.com,ES1200000000000000000009
Patricia Reyes Molina,10,2026-01-10T15:47:50Z,01234567K,Avenida Centro 5,30001,Murcia,Murcia,600123010,968123010,30/1234567899,patricia.reyes10@testmail.com,ES1200000000000000000010
Alberto Sanchez Leon,11,2026-01-11T08:11:22Z,11234567L,Calle Olmo 6,10001,Caceres,Caceres,600123011,927123011,10/1234567800,alberto.sanchez11@testmail.com,ES1200000000000000000011
Cristina Moreno Gil,12,2026-01-12T09:45:33Z,12234567M,Avenida Rio 11,33001,Oviedo,Asturias,600123012,985123012,33/1234567801,cristina.moreno12@testmail.com,ES1200000000000000000012
Raul Jimenez Soto,13,2026-01-13T10:22:41Z,13234567N,Calle Prado 19,39001,Santander,Cantabria,600123013,942123013,39/1234567802,raul.jimenez13@testmail.com,ES1200000000000000000013
Sara Delgado Moya,14,2026-01-14T11:59:59Z,14234567P,Avenida Lago 21,07001,Palma,Baleares,600123014,971123014,07/1234567803,sara.delgado14@testmail.com,ES1200000000000000000014
David Herrera Cano,15,2026-01-15T12:43:28Z,15234567Q,Calle Campo 8,01001,Vitoria,Alava,600123015,945123015,01/1234567804,david.herrera15@testmail.com,ES1200000000000000000015
Noelia Vidal Reyes,16,2026-01-16T13:35:16Z,16234567R,Calle Fuente 4,34001,Palencia,Palencia,600123016,979123016,34/1234567805,noelia.vidal16@testmail.com,ES1200000000000000000016
Sergio Molina Rios,17,2026-01-17T14:28:07Z,17234567S,Avenida Bosque 17,24001,Leon,Leon,600123017,987123017,24/1234567806,sergio.molina17@testmail.com,ES1200000000000000000017
Marta Iglesias Pena,18,2026-01-18T15:14:52Z,18234567T,Calle Valle 2,20001,SanSebastian,Guipuzcoa,600123018,943123018,20/1234567807,marta.iglesias18@testmail.com,ES1200000000000000000018
Fernando Cabrera Ruiz,19,2026-01-19T16:09:39Z,19234567U,Avenida Puerto 13,11001,Cadiz,Cadiz,600123019,956123019,11/1234567808,fernando.cabrera19@testmail.com,ES1200000000000000000019
Lucia Prieto Santos,20,2026-01-20T17:55:44Z,20234567V,Calle Arena 25,21001,Huelva,Huelva,600123020,959123020,21/1234567809,lucia.prieto20@testmail.com,ES1200000000000000000020